{"assets/1238.jpg":["assets/1238.jpg"],"assets/bien_joue_lottie.json":["assets/bien_joue_lottie.json"],"assets/chargement_ia_lottie.json":["assets/chargement_ia_lottie.json"],"assets/chargement_voiture_lottie.json":["assets/chargement_voiture_lottie.json"],"assets/creation_entreprise.jpg":["assets/creation_entreprise.jpg"],"assets/entreprise.png":["assets/entreprise.png"],"assets/fonts/Roboto-Bold.ttf":["assets/fonts/Roboto-Bold.ttf"],"assets/fonts/Roboto-Regular.ttf":["assets/fonts/Roboto-Regular.ttf"],"assets/logo.jpg":["assets/logo.jpg"],"assets/notfound_img.png":["assets/notfound_img.png"],"assets/sablier_lottie.json":["assets/sablier_lottie.json"],"assets/welcom.jpg":["assets/welcom.jpg"],"packages/cupertino_icons/assets/CupertinoIcons.ttf":["packages/cupertino_icons/assets/CupertinoIcons.ttf"]}